{"stats":{"minecraft:custom":{"minecraft:jump":5,"minecraft:time_since_rest":2390,"minecraft:damage_dealt":240,"minecraft:walk_on_water_one_cm":2960,"minecraft:play_time":2390,"minecraft:damage_taken":100,"minecraft:time_since_death":2390,"minecraft:walk_one_cm":4804,"minecraft:sneak_time":4,"minecraft:total_world_time":2390,"minecraft:walk_under_water_one_cm":277,"minecraft:mob_kills":1,"minecraft:drop":1,"minecraft:fall_one_cm":1200,"minecraft:fly_one_cm":11542,"minecraft:horse_one_cm":594},"minecraft:mined":{"minecraft:grass_block":2},"minecraft:dropped":{"minecraft:dirt":1},"minecraft:picked_up":{"minecraft:leather":2,"minecraft:dirt":1},"minecraft:killed":{"minecraft:horse":1}},"DataVersion":3465}